id,clues,nombre
1,CSSSA005032,LAS BRISAS
2,CSSSA005003,TECTUAPAN
3,CSSSA005155,EJIDO LA ESPERANZA (ZAPOTAL)
4,CSSSA005056,EL CARMEN
5,CSSSA005131,SAN ISIDRO
6,CSSSA002244,SAN FELIPE TIZAPA
7,CSSSA005061,NUEVA COAPA ECHEGARAY
8,CSSSA002104,CURVA LIQUILWITZ
9,CSSSA004916,CARRIZAL
10,CSSSA009121,CHIAPILLA
11,CSSSA009150,VICENTE GUERRERO
12,CSSSA002594,ZACATONAL DE JUÁREZ
13,CSSSA005242,NUEVO MILENIO SANTA CRUZ
14,CSSSA007185,PUEBLO NUEVO
15,CSSSA006601,VIVA MÉXICO
16,CSSSA005085,JOAQUÍN AMARO (EJIDO TAMAULIPAS)
17,CSSSA006572,C.S. TINAJAS 1A. SECCIÓN
18,CSSSA001836,AURORA GRANDE
19,CSSSA002261,CENTRO DE SALUD MANACAL LLANO GRANDE
20,CSSSA002664,JOSÉ MARÍA MORELOS Y PAVÓN
21,CSSSA002780,IXHUATÁN
22,CSSSA002273,SAN JOSÉ MASPAC
23,CSSSA001952,PAMAL NAVIL
24,CSSSA002010,JUNA SABINES VERAPAZ
25,CSSSA007144,IGNACIO RAMÍREZ
26,CSSSA002290,VICENTE GUERRERO
27,CSSSA009051,TS'AKIBILJOK
28,CSSSA009092,FRANCISCO SARABIA
29,CSSSA009104,UNIÓN AGRARISTA
30,CSSSA007161,NOYOLA
31,CSSSA009063,CALLEJÓN
32,CSSSA002570,EL OCOTAL
33,CSSSA006526,JOSÉ MARÍA MORELOS
34,CSSSA007226,EJIDO MORELOS (ESTACIÓN MOJARRAS)
35,CSSSA004146,LA TRINIDAD
36,CSSSA004064,RAMÓN F. BALBOA
37,CSSSA004443,PLAN DE AYALA
38,CSSSA004216,LA SOLEDAD
39,CSSSA009080,NUEVA PALESTINA
40,CSSSA007820,UNIÓN JUÁREZ
41,CSSSA007745,C.S. ISLAMAPA
42,CSSSA009145,IGNACIO ZARAGOZA
43,CSSSA004122,SAN JUAN RÓMULO CALZADA
44,CSSSA008614,QUIRINGUICHARO
45,CSSSA000750,CHAVAJEVAL
46,CSSSA000284,REFORMA Y PLANADA
47,CSSSA005493,MACAYO 2A. SECCIÓN
48,CSSSA004641,LÁZARO CÁRDENAS
49,CSSSA004011,SANTA ELENA
50,CSSSA007680,C.S. PRIMERA SECCIÓN DE MEDIO MONTE
51,CSSSA005435,RAYÓN
52,CSSSA005942,EL LETRERO
53,CSSSA006140,EJIDO CONSTITUCIÓN
54,CSSSA006333,CERRO DE LAS CAMPANAS
55,CSSSA000033,LAS BRISAS
56,CSSSA000523,PESQUERÍA LA LÍNEA
57,CSSSA000535,NICOLÁS BRAVO
58,CSSSA000506,PESQUERÍA LA GLORIA
59,CSSSA000243,GUADALUPE VICTORIA
60,CSSSA005353,ARROYO GRANDE
61,CSSSA001940,MEQUEJA
62,CSSSA002145,SAN ANTONIO BULUJIB
63,CSSSA002932,JIQUIPILAS
64,CSSSA017900,CENTRO DE SALUD MUNICIPAL IXTAPANGAJOYA
65,CSSSA002816,IXTACOMITÁN
66,CSSSA002256,EL TRIUNFO
67,CSSSA002541,HUITIUPÁN
68,CSSSA007091,PUERTO ARISTA
69,CSSSA007115,CABEZA DE TORO
70,CSSSA000745,EL BOSQUE
71,CSSSA007663,TUXTLA CHICO
72,CSSSA017912,CENTRO DE SALUD MUNICIPAL SOLOSUCHIAPA
73,CSSSA001824,CHILÓN
74,CSSSA001841,BACHAJÓN
75,CSSSA003084,JUÁREZ
76,CSSSA005266,VILLA COLMALTITLÁN
77,CSSSA006415,TAPACHULA SANTA CLARA
78,CSSSA006362,CIUDAD HIDALGO
79,CSSSA004950,PICHUCALCO
80,CSSSA002623,CENTRO DE SALUD URBANO HUIXTLA
81,CSSSA003842,OCOSINGO
82,CSSSA008882,HOSPITAL REGIONAL DE ALTA ESPECIALIDAD CIUDAD SALUD
83,CSSSA008894,HOSPITAL DE ESPECIALIDADES PEDIÁTRICAS
84,CSSSA017295,OFICINA JURISDICCIONAL (TONALÁ)
85,CSSSA013081,COMISIÓN ESTATAL DE CONCILIACIÓN Y ARBITRAJE MÉDICO DEL ESTADO DE CHIAPAS (Delegación Regional Tapachula)
86,CSSSA017213,OFICINA ADMINISTRATIVA ESTATAL
87,CSSSA013090,COMISIÓN ESTATAL DE CONCILIACIÓN Y ARBITRAJE MÉDICO DEL ESTADO DE CHIAPAS
88,CSSSA017230,OFICINA JURISDICCIONAL (SAN CRISTÓBAL DE LAS CASAS)
89,CSSSA017300,OFICINA JURISDICCIONAL (OCOSINGO)
90,CSSSA017271,OFICINA JURISDICCIONAL (PALENQUE)
91,CSSSA013072,COMISIÓN ESTATAL DE CONCILIACIÓN Y ARBITRAJE MÉDICO DEL ESTADO DE CHIAPAS(Delegacion Regional Palenque)
92,CSSSA007156,CENICEROS
93,CSSSA005044,EL ROSARIO
94,CSSSA004986,CAMOAPITA 2A. SECCIÓN
95,CSSSA000540,EL FORTÍN
96,CSSSA004991,AZUFRE 2A. SECCIÓN
97,CSSSA002652,UNIDAD MÉDICA MÓVIL ESTRELLA ROJA
98,CSSSA003405,SANTA MARTHA
99,CSSSA005114,EL TOPÓN
100,CSSSA006782,PIZTINGÉN
101,CSSSA002582,LA VENTANA
102,CSSSA006560,RANCHERÍA SANTA RITA
103,CSSSA003212,ADOLFO RUIZ CORTINES
104,CSSSA004624,NUEVO EDÉN
105,CSSSA006811,DIQUE II (VICENTE GUERRERO)
106,CSSSA007552,UMMA I POTINASPAK
107,CSSSA007564,LAS CASITAS
108,CSSSA004180,MACEDONIA
109,CSSSA000762,LAS DELICIAS
110,CSSSA003224,LA PLAYA
111,CSSSA000902,ELOY BORRAS AGUILAR
112,CSSSA008491,ARROYO DELICIAS
113,CSSSA005691,POTLOJA
114,CSSSA005860,MIGUEL HIDALGO
115,CSSSA000202,MORELIA
116,CSSSA004402,EMBARCADERO APIC - PAC
117,CSSSA004233,YAXALA
118,CSSSA000255,EL LIMÓN
119,CSSSA000704,TIERRA Y LIBERTAD
120,CSSSA000803,BOCA DEL RÍO CHICO
121,CSSSA006106,CARMITO BUENA VISTA
122,CSSSA000931,PIMIENTA BERLÍN
123,CSSSA005505,SANTA CRUZ
124,CSSSA001684,PASO ACHIOTE
125,CSSSA019551,CLÍNICA DE LA MUJER VILLAFLORES
126,CSSSA004740,TOMÁS GARRIDO CANABAL
127,CSSSA002565,HUANAL
128,CSSSA004706,SAN MATEO (ANTES SAN FELIPE)
129,CSSSA002886,CONCEPCIÓN
130,CSSSA002693,LA UNIÓN
131,CSSSA004735,SAN MATEO
132,CSSSA002553,EL AZUFRE
133,CSSSA002903,MAZANILHO
134,CSSSA001906,JOLAQUIL
135,CSSSA002705,AZTLÁN
136,CSSSA017423,SAN RAFAEL
137,CSSSA004962,VIEJO NICAPA
138,CSSSA002874,CARLOS A. VIDAL
139,CSSSA002920,JANA 2A. SECCIÓN
140,CSSSA006625,EJIDO CHANJALÉ SALCHIJI
141,CSSSA006910,JERUSALÉN
142,CSSSA006555,SAN CRISTÓBAL BUENA VISTA
143,CSSSA002425,LA PINADA
144,CSSSA017435,SAN VICENTE
145,CSSSA002792,SAN MIGUEL
146,CSSSA001894,JOYBÉ
147,CSSSA006700,COL. ADOLFO LÓPEZ MATEOS
148,CSSSA006596,EJIDO TOLUCA
149,CSSSA006683,SAN FRANCISCO JACONA
150,CSSSA002845,MATAMOROS 1A. SECCIÓN
151,CSSSA003002,HIERBA SANTA
152,CSSSA002162,NAHILTÉ 2DA. SECCIÓN
153,CSSSA001923,EL MAP
154,CSSSA002413,CANTÓN SANTA CRUZ
155,CSSSA002681,TZINACAL BUENOS AIRES
156,CSSSA002121,WILIBJÁ
157,CSSSA002220,OVANDO TURQUÍA
158,CSSSA006893,DOLORES
159,CSSSA008310,LA LAGUNA
160,CSSSA002005,BAJ TRANCA
161,CSSSA004904,EL CAMPO
162,CSSSA006770,ÁNGEL ALBINO CORZO
163,CSSSA007021,ZAQUITEL OJO DE AGUA
164,CSSSA006666,MAZONO
165,CSSSA006490,FRACCIÓN HERMOSILLO
166,CSSSA006794,COL. EL PORVENIR
167,CSSSA002833,EMILIANO ZAPATA
168,CSSSA006724,ESPERANZA DE LOS POBRES
169,CSSSA006584,3A. SECCIÓN TINAJAS
170,CSSSA006613,2A. SECCIÓN DE TINAJAS
171,CSSSA006922,VISTA HERMOSA
172,CSSSA004204,BALAXTE
173,CSSSA007750,SEGUNDO CANTÓN
174,CSSSA002850,NUEVO LINDAVISTA
175,CSSSA006753,MIGUEL HIDALGO Y COSTILLA
176,CSSSA007926,SAN ANTONIO LA SIDRA (31 DE DICIEMBRE)
177,CSSSA001013,JOSÉ MARÍA MORELOS Y PAVÓN
178,CSSSA003043,MARAVILLAS
179,CSSSA000733,EMILIANO ZAPATA
180,CSSSA001025,MORELIA
181,CSSSA006654,CANTÓN ACAXMAN
182,CSSSA007716,SECCIÓN LA TOMA
183,CSSSA001643,RIBERA DE CUPÍA
184,CSSSA003055,PAREDÓN
185,CSSSA006963,CARRIZAL
186,CSSSA009075,EL ROSARIO
187,CSSSA001491,CRUZ CHOT
188,CSSSA001515,JOLNAJOLTIC
189,CSSSA001421,CRUZ QUEMADA
190,CSSSA001503,NICHÉN
191,CSSSA003241,BARRITA DE PAJÓN
192,CSSSA003060,RUBÉN JARAMILLO
193,CSSSA000564,EL CERCADILLO
194,CSSSA003825,LA VERBENA
195,CSSSA000260,ESQUIPULAS
196,CSSSA018822,SAN JOSÉ ZAPOTAL
197,CSSSA000226,COL. ADOLFO LÓPEZ MATEOS
198,CSSSA001556,CENTRO VALTIERRA
199,CSSSA009022,LA PAZ DE SABINES
200,CSSSA000716,SANTA CRUZ NIHO
201,CSSSA004484,TRIUNFO AGRARISTA
202,CSSSA007675,2A. SECCIÓN IZAPA
203,CSSSA004245,EL PROGRESO
204,CSSSA000926,UNIDAD MODELO
205,CSSSA003253,EJIDO IBARRA
206,CSSSA007721,CANTÓN EL SACRIFICIO
207,CSSSA006386,TIERRA Y LIBERTAD
208,CSSSA005370,AURORA ERMITA
209,CSSSA000815,CASA DE SALUD LA TUZA
210,CSSSA005522,IXTAPILLA
211,CSSSA005604,QUIOICH
212,CSSSA000955,GUAMÚCHIL
213,CSSSA003941,SAN MARCOS
214,CSSSA005674,SANTA RITA 1Âª SECCIÓN (MICHOL)
215,CSSSA000960,BENITO JUÁREZ II
216,CSSSA003183,BENITO JUÁREZ
217,CSSSA003195,ALDAMA
218,CSSSA003656,MARTE R. GÓMEZ
219,CSSSA003895,DOLORES LAS PALMAS
220,CSSSA004361,ALFREDO V. BONFIL
221,CSSSA005295,MANUEL ÁVILA CAMACHO
222,CSSSA005790,EL MANZANILLO
223,CSSSA005336,CANTÓN SANTA CRUZ LA UNIÓN
224,CSSSA005744,AGUA CLARA
225,CSSSA004052,MIGUEL HIDALGO
226,CSSSA000161,LA GRANDEZA
227,CSSSA007733,CHIPILÍN
228,CSSSA003965,LA UNIÓN
229,CSSSA006321,EL BENEFICIO
230,CSSSA005452,GUADALUPE VICTORIA
231,CSSSA005855,CUAUHTÉMOC
232,CSSSA005616,FRANCISCO VILLA
233,CSSSA005896,EL CARMELO
234,CSSSA005300,MONTE FLOR ARRIBA
235,CSSSA006164,GUADALUPE VICTORIA
236,CSSSA006374,EMILIANO ZAPATA
237,CSSSA006152,LOS POCITOS
238,CSSSA000675,IGNACIO ZARAGOZA
239,CSSSA005802,ZACUALPA ECATEPEC
240,CSSSA009133,AQUILES SERDÁN
241,CSSSA005312,MULATAL
242,CSSSA005551,SAN ANTONIO EL PARAJE
243,CSSSA004426,CATEDRAL DE CHIAPAS
244,CSSSA017166,DR. SAMUEL LEÓN BRINDIS
245,CSSSA003900,LA FRONTERA
246,CSSSA005826,SAN ANTONIO LOS BAÑOS
247,CSSSA006181,CONCEPCIÓN BUENAVISTA
248,CSSSA000074,LUIS ECHEVERRÍA ÁLVAREZ
249,CSSSA006082,LOS CIPRESES
250,CSSSA000272,EL NARANJO 2A. SECCIÓN
251,CSSSA005271,LA FLOR DE LOTE UNO
252,CSSSA000663,EFRAÍN A. GUTIÉRREZ
253,CSSSA006036,LA SOLEDAD
254,CSSSA005394,EL ESTORAQUE
255,CSSSA005324,RÍO ARRIBA SALVACIÓN
256,CSSSA004460,PEÑA 2A. SECCIÓN
257,CSSSA005423,EMILIANO ZAPATA II
258,CSSSA005382,LOS LOTES
259,CSSSA005411,PLAN LÁZARO CÁRDENAS
260,CSSSA005831,SAN ANTONIO LAS ROSAS
261,CSSSA004612,CHACAMAX
262,CSSSA005872,EL PROGRESO
263,CSSSA003830,EL HORIZONTE
264,CSSSA008421,CHACTOJ
265,CSSSA004431,SALOMÓN GONZÁLEZ BLANCO
266,CSSSA005283,LA FLOR DE LOTE II
267,CSSSA004385,LA INDEPENDENCIA (LAS PILAS)
268,CSSSA004472,LAGUNA LA CAMPANA
269,CSSSA005481,IGNACIO ZARAGOZA
270,CSSSA000156,FRANCISCO VILLA
271,CSSSA005406,MONTE OLIVO
272,CSSSA002676,CANTÓN PLAYA GRANDE
273,CSSSA002821,ARENAL
274,CSSSA006823,EL EDÉN
275,CSSSA005440,CARRIZAL
276,CSSSA009162,UNIDAD DE ATENCIÓN A LA SALUD MENTAL SAN AGUSTÍN
277,CSSSA005020,PIJIJIAPAN
278,CSSSA006765,RAUDALES MALPASO
279,CSSSA002203,CENTRO DE SALUD CON HOSPITALIZACIÓN (ESCUINTLA)
280,CSSSA006695,TECPATAN
281,CSSSA005341,PUEBLO NUEVO SOLISTAHUACÁN
282,CSSSA000791,PLAYAS DE CATAZAJÁ
283,CSSSA008870,SAN QUINTÍN
284,CSSSA006094,SIMOJOVEL
285,CSSSA017394,ALMACÉN JURISDICCIONAL (TAPACHULA)
286,CSSSA017283,OFICINA JURISDICCIONAL (TAPACHULA)
287,CSSSA007284,LA TRINITARIA
288,CSSSA007086,TONALÁ
289,CSSSA008124,VILLAFLORES
290,CSSSA000465,ARRIAGA
291,CSSSA006485,EL EDÉN
292,CSSSA017242,OFICINA JURISDICCIONAL (COMITÁN)
293,CSSSA000651,BERRIOZÁBAL
294,CSSSA001182,NUEVA CONCORDIA
295,CSSSA002401,FRONTERA HIDALGO
296,CSSSA001276,DIAMANTE DE ECHEVERRÍA
297,CSSSA001281,EL ÁMBAR DE ECHEVERRÍA
298,CSSSA000120,UNIDAD MÉDICA MÓVIL ACUÁTICA (LA LUPE)
299,CSSSA000885,CS. 1 NUEVA TENOCHTITLAN
300,CSSSA003603,MAZAPA DE MADERO
301,CSSSA008165,JESÚS MA. GARZA
302,CSSSA007960,EL PARRAL
303,CSSSA007931,VILLACORZO
304,CSSSA007581,BIENESTAR SOCIAL
305,CSSSA008153,DR. DOMINGO CHANONA
306,CSSSA007593,PLAN DE AYALA
307,CSSSA007610,PATRIA NUEVA
308,CSSSA001194,BENITO JUÁREZ
309,CSSSA007943,SN. PEDRO BUENAVISTA
310,CSSSA003200,MAPASTEPEC
311,CSSSA017492,COORDINACIÓN ESTATAL DE VIH/SIDA/ITS (CAPASITS)
312,CSSSA000371,RÍO GUERRERO
313,CSSSA008252,EL PORTILLO
314,CSSSA008240,SOMBRA DE LA SELVA
315,CSSSA001264,LAS TORONJAS
316,CSSSA001206,CUXTEPEQUES
317,CSSSA007955,LA LIBERTAD
318,CSSSA007984,LOMA BONITA
319,CSSSA009010,MONTERREY
320,CSSSA008771,MONTEBELLO ALTAMIRA
321,CSSSA008754,SANTA RITA
322,CSSSA008013,TIERRA SANTA
323,CSSSA008066,DR. BELISARIO DOMÍNGUEZ
324,CSSSA001235,NIÑOS HÉROES
325,CSSSA017370,ALMACÉN JURISDICCIONAL (PICHUCALCO)
326,CSSSA017586,LA CEIBA
327,CSSSA017353,ALMACÉN JURISDICCIONAL (COMITÁN)
328,CSSSA003673,LA VICTORIA
329,CSSSA008655,SAN NICOLÁS PLAN DE AYUTLA
330,CSSSA008025,24 DE FEBRERO
331,CSSSA003731,CABAÑAS
332,CSSSA002215,FRACCIÓN BANDERAS
333,CSSSA006222,LA UNIÓN
334,CSSSA000634,LAS CHICHARRAS
335,CSSSA005971,SAN LUCAS
336,CSSSA007692,2A. SECCIÓN MEDIO MONTE
337,CSSSA006053,LA LAGUNA
338,CSSSA006000,VILLA FLORES
339,CSSSA006205,GOLONCHÁN VIEJO
340,CSSSA008923,TZUBET
341,CSSSA007453,NUEVA LIBERTAD (EL COLORADO)
342,CSSSA007214,20 DE NOVIEMBRE
343,CSSSA006041,VILLA HERMOSA
344,CSSSA005073,HERMENEGILDO GALEANA
345,CSSSA004810,CHOCOLJAITO
346,CSSSA002080,SACJÚN CUWITZ
347,CSSSA004723,SAN MARTÍN CHAMIZAL
348,CSSSA008211,TIERRA Y LIBERTAD
349,CSSSA001450,RANCHO NARVÁEZ
350,CSSSA008375,CHIQUINIVALVO
351,CSSSA006210,SANTA BÁRBARA
352,CSSSA003125,BAYALEMHO DOS
353,CSSSA005662,IGNACIO ZARAGOZA
354,CSSSA008631,LAGUNA DEL COFRE
355,CSSSA005814,MITZITÓN
356,CSSSA004320,HERMENEGILDO GALEANA
357,CSSSA005966,SAN ANTONIO LA PINADA
358,CSSSA000103,EJIDO LAS MURALLAS
359,CSSSA006905,BETANIA
360,CSSSA008235,EL SABINO
361,CSSSA008223,TRES PICOS
362,CSSSA017615,MONTE REDONDO
363,CSSSA002372,EL TRIUNFO DE LAS TRES MARAVILLAS
364,CSSSA008182,HORACIO GRAJALES
365,CSSSA009034,MELCHOR OCAMPO
366,CSSSA008194,RIBERA HORIZONTE
367,CSSSA002775,TIERRA BLANCA
368,CSSSA008170,MIGUEL HIDALGO
369,CSSSA001293,PLAN DE LA LIBERTAD
370,CSSSA002746,FRANCISCO SARABIA
371,CSSSA008976,GALILEA
372,CSSSA007354,ROSARIO TIERRA BLANCA
373,CSSSA008964,JARDÍN DEL NUEVO EDÉN
374,CSSSA018110,SAN ARTURO LAS FLORES
375,CSSSA007342,EL PROGRESO
376,CSSSA000424,LIBERTAD EL PAJAL
377,CSSSA008042,COL. LA FRAYLESCA
378,CSSSA001305,SAN FRANCISCO
379,CSSSA001380,LÁZARO CÁRDENAS
380,CSSSA001240,AGUA PRIETA
381,CSSSA007996,OCOTAL LAS MARAVILLAS
382,CSSSA007972,SAN JULIÁN
383,CSSSA008100,UNIÓN DEL CARMEN
384,CSSSA008095,AGUA DULCE II
385,CSSSA008001,LOS AMATES
386,CSSSA008071,RIBERA BUENAVISTA
387,CSSSA008030,FRANCISCO I. MADERO
388,CSSSA008083,24 DE DICIEMBRE
389,CSSSA000441,SALVADOR URBINA
390,CSSSA000786,MIXCUM
391,CSSSA009005,EMILIANO ZAPATA
392,CSSSA001351,MIGUEL HIDALGO (ZACALAPA)
393,CSSSA000016,NUEVA REFORMA
394,CSSSA008935,CORAZÓN DE MARÍA
395,CSSSA001655,JUAN DE GRIJALVA
396,CSSSA008701,BASHEQUÉM
397,CSSSA000914,VISTAHERMOSA
398,CSSSA005995,VEGA DEL ROSARIO
399,CSSSA017620,EL MANGUITO
400,CSSSA007861,GUADALUPE VICTORIA
401,CSSSA002495,MACUSHTETIC
402,CSSSA017714,NUEVO ARGENTINA
403,CSSSA017603,LAS FLORES
404,CSSSA008952,TZAJALCHÉM
405,CSSSA018064,JET-JÁ 2
406,CSSSA017632,SANTA MARÍA
407,CSSSA017936,NUEVO PARAÍSO
408,CSSSA017941,EL TEPEYAC
409,CSSSA018291,CARAVANA TIPO 0 LOS MANGOS
410,CSSSA018151,CARAVANA TIPO 0 SAN JOSÉ BUENAVISTA TERCERO
411,CSSSA018163,CARAVANA TIPO 1 CAMOAPA 1A. SECCIÓN
412,CSSSA018146,CARAVANA TIPO 0 SAN CARLOS CORRALITO
413,CSSSA018286,CARAVANA TIPO 0 RIO NEGRO
414,CSSSA018315,CARAVANA TIPO 0 SANTA ANITA
415,CSSSA018216,CARAVANA TIPO 1 BUENAVISTA TENOJIB
416,CSSSA018373,CARAVANA TIPO 0 ADOLFO RUÍZ CORTÍNEZ
417,CSSSA018402,CARAVANA TIPO 0 LOQU'IB-JÁ
418,CSSSA018303,CARAVANA TIPO 1 TIERRA BLANCA
419,CSSSA018204,CARAVANA TIPO 0 SAN CARALAMPIO
420,CSSSA018390,CARAVANA TIPO 1 MEONHO
421,CSSSA018180,CARAVANA TIPO 0  FLOR DE CAFÉ
422,CSSSA018332,CARAVANA TIPO 0 CHABECLUMIL
423,CSSSA018134,CARAVANA TIPO 0 JUC'NIL
424,CSSSA018385,CARAVANA TIPO 0 POCOLTÓN
425,CSSSA018320,CARAVANA TIPO 0 GUADALUPE MAZANIL
426,CSSSA018175,CARAVANA TIPO 1 JOTOLCHÉN
427,CSSSA019172,PALENQUE (UNEME CAPA)
428,CSSSA018974,COMITÁN (U.N.E.M.E. CAPA)
429,CSSSA019085,CLÍNICA DE LA MUJER CINTALAPA
430,CSSSA019995,EL MIRADOR
431,CSSSA019324,CENTRO DE SALUD MICROREGIONAL YIBELJOJ
432,CSSSA019942,CENTRO DE SALUD MICROREGIONAL  EL RETIRO
433,CSSSA019464,CENTRO DE SALUD MICROREGIONAL  ZANEMBOLOM
434,CSSSA019341,CENTRO DE SALUD MICROREGIONAL MAJOMUT
435,CSSSA019406,CENTRO DE SALUD MICROREGIONAL JOLBON
436,CSSSA019394,CENTRO DE SALUD MICROREGIONAL CATISHTIC
437,CSSSA019411,CENTRO DE SALUD MICROREGIONAL LAS MINAS
438,CSSSA019913,CENTRO DE SALUD MICROREGIONAL EMILIANO ZAPATA
439,CSSSA019831,CENTRO DE SALUD MICROREGIONAL ARROYO AGUA AZUL (MIRAFLORES)
440,CSSSA019452,CENTRO DE SALUD MICROREGIONAL TOLBILJA
441,CSSSA018933,MACVILHO
442,CSSSA019901,CENTRO DE SALUD MICROREGIONAL  LIC. ADOLFO LÓPEZ MATEOS
443,CSSSA019860,CENTRO DE SALUD MICROREGIONAL TIENTIUL GRANDE 2A. SECCIÓN (AGUA POTABLE)
444,CSSSA019855,CENTRO DE SALUD MICROREGIONAL EL PROGRESO
445,CSSSA019872,CENTRO DE SALUD MICROREGIONAL CUCTIEPA
446,CSSSA019884,CENTRO DE SALUD MICROREGIONAL ARROYO AGUA AZUL
447,CSSSA019896,CENTRO DE SALUD MICROREGIONAL AMÉRICA LIBRE
448,CSSSA019930,CENTRO DE SALUD MICROREGIONAL LAS MARAVILLAS
449,CSSSA019966,CENTRO DE SALUD MICROREGIONAL REVOLUCIÓN FIU
450,CSSSA019843,CENTRO DE SALUD MICROREGIONAL CHUCHUCLUMIL
451,CSSSA005510,LAS ROSAS
452,CSSSA002862,IXTAPA
453,CSSSA006876,TEOPISCA
454,CSSSA004040,FRONTERA COROZAL
455,CSSSA004076,SANTO DOMINGO
456,CSSSA003743,FRANCISCO I. MADERO
457,CSSSA000482,LA AZTECA
458,CSSSA005015,IGNACIO ZARAGOZA
459,CSSSA000091,BARRA DE ZACAPULCO
460,CSSSA008590,BOCA DE CHAJUL
461,CSSSA008515,QUETZALCÓALT
462,CSSSA007651,EL JOBO
463,CSSSA001771,LA PINTA
464,CSSSA004566,TZONTEALJA
465,CSSSA009046,MANUEL ÁVILA CAMACHO
466,CSSSA008206,ROBLADA GRANDE
467,CSSSA006391,ESQUIPULAS
468,CSSSA000610,NUEVO PACAYAL
469,CSSSA001223,GUADALUPE VICTORIA
470,CSSSA003801,RINCÓN BUENAVISTA
471,CSSSA006070,EL PARAÍSO
472,CSSSA000301,AGUACATILLO
473,CSSSA001252,REFORMA
474,CSSSA005732,VICENTE GUERRERO
475,CSSSA000820,C.S. VILLA FRACCIONAMIENTO EL ROSARIO
476,CSSSA017406,ALMACÉN JURISDICCIONAL (TONALÁ)
477,CSSSA007576,TUXTLA (COL. SANTA CRUZ)
478,CSSSA008725,LELENCHIG
479,CSSSA008713,CHAONIL
480,CSSSA008824,TIEMOPA
481,CSSSA008993,ESPINAL BUENAVISTA
482,CSSSA018023,SAN NICOLÁS LAGARTERO
483,CSSSA000605,LAS NUBES
484,CSSSA018443,CENTRO DE SALUD MICROREGIONAL BELISARIO DOMÍNGUEZ
485,CSSSA018583,BELISARIO DOMÍNGUEZ
486,CSSSA008112,OFICINA JURISDICCIONAL (VILLAFLORES)
487,CSSSA019003,CARAVANA TIPO 0 LA PROVIDENCIA
488,CSSSA019032,CARAVANA TIPO 0 BAWITZ TUTZILTIK
489,CSSSA019015,CARAVANA TIPO 0 JOCOSIC
490,CSSSA019020,CARAVANA TIPO 0 EL DURAZNAL SANTA FE
491,CSSSA019061,CARAVANA TIPO 0 YOCHIBJÁ
492,CSSSA019073,CARAVANA TIPO 0 UJCAYIL
493,CSSSA018991,CARAVANA TIPO 0 TZABALHÓ
494,CSSSA019044,CARAVANA TIPO 0 SEGUNDO TZAJALCHÉN
495,CSSSA019056,CARAVANA TIPO 0 PARAÍSO CHICOTÁNIL
496,CSSSA019155,CENTRO DE SALUD MICROREGIONAL SAN JOSÉ PLAN OCOTAL
497,CSSSA019114,CLÍNICA DE LA MUJER PALENQUE
498,CSSSA020053,CLÍNICA DE LA MUJER PIJIJIAPAN
499,CSSSA018472,CENTRO DE SALUD RURAL  SAN MARTÍIN
500,CSSSA004530,MESBILJA
501,CSSSA002973,CENTRO DE SALUD NUEVA PALESTINA
502,CSSSA007902,LAJA TENDIDA
503,CSSSA001631,RIBERA EL AMATAL
504,CSSSA008503,NUEVO VERACRUZ
505,CSSSA008136,CALZADA LARGA
506,CSSSA006444,TAPACHULA DE CÓRDOBA Y ORDÓÑEZ
507,CSSSA001445,JOMALHO
508,CSSSA003755,SANTA ANA PINABETO
509,CSSSA003760,RINCÓN DEL BOSQUE
510,CSSSA004793,SATURNINO RÍOS
511,CSSSA001211,DOLORES JALTENANGO
512,CSSSA001112,PRIMERO DE MAYO
513,CSSSA002635,DELICIAS
514,CSSSA002396,AGUA ZARCA
515,CSSSA007383,LA ANTELA
516,CSSSA007330,JUNCANÁ
517,CSSSA007366,SAN JUAN DEL VALLE
518,CSSSA001066,CHICHIMA CHACALJEMEL
519,CSSSA006275,UNIÓN GUADALUPE
520,CSSSA006316,PUERTO RICO
521,CSSSA006741,GUSTAVO DÍAZ ORDAZ
522,CSSSA008981,EMILIANO ZAPATA
523,CSSSA017446,AMADOR HERNÁNDEZ
524,CSSSA017451,CANDELARIA
525,CSSSA018081,BENITO JUÁREZ MIRAMAR
526,CSSSA018076,EL GUANAL
527,CSSSA017702,NUEVO HUIXTÁN
528,CSSSA018040,NUEVO MILENIO
529,CSSSA018455,CAPASITS TUXTLA
530,CSSSA018093,NUEVO JUAN DEL GRIJALVA
531,CSSSA018600,TAPACHULA (U.N.E.M.E. CAPACITS)
532,CSSSA018624,TAPACHULA (U.N.E.M.E. CAPA II )
533,CSSSA018595,TAPACHULA (U.N.E.M.E. SORID)
534,CSSSA018612,TAPACHULA (U.N.E.M.E. CAPA I )
535,CSSSA018694,SAN CRISTÓBAL (U.N.E.M.E. ENFERMEDADES CRÓNICAS)
536,CSSSA018735,TUXTLA   (U.N.E.M.E. CISAME)
537,CSSSA018711,TUXTLA   (U.N.E.M.E. CRÓNICO DEGENERATIVOS)
538,CSSSA017755,NATILTÓN
539,CSSSA018723,LAS PALMERAS
540,CSSSA006012,GUADALUPE VICTORIA
541,CSSSA020000,OJO DE AGUA
542,CSSSA013003,UNIDAD MEDICA MÓVIL 302 REFORMA AGRARIA 1
543,CSSSA000844,CINTALAPA
544,CSSSA000581,BELLAVISTA
545,CSSSA003113,SAN ANDRÉS LARRAINZAR
546,CSSSA001322,COPAINALÁ
547,CSSSA007494,TUMBALÁ
548,CSSSA002985,ANDRÉS QUINTANA ROO
549,CSSSA007173,BAHÍA DE PAREDÓN
550,CSSSA005785,SAN CRISTÓBAL DE LAS CASAS CHIAPAS
551,CSSSA003690,LÁZARO CÁRDENAS
552,CSSSA003661,SANTA CLARA
553,CSSSA003644,CANTÓN CORRALITO
554,CSSSA000342,OJO DE AGUA LAS CRUCES
555,CSSSA005254,ZAPOTILLO
556,CSSSA007523,EMILIANO ZAPATA
557,CSSSA005756,SAN PEDRO SABANA
558,CSSSA003796,MIGUEL ALEMÁN
559,CSSSA005720,RÍO JORDÁN
560,CSSSA000646,OJO DE AGUA CÁRDENAS
561,CSSSA005983,SANTA MARÍA
562,CSSSA017196,LABORATORIO ESTATAL DE SALUD PÚBLICA
563,CSSSA005901,SILTEPEC
564,CSSSA007062,WILLIS 2Âª SECCIÓN
565,CSSSA001795,MONTE SINAÍ
566,CSSSA002763,LA PATRIA
567,CSSSA002734,EMILIANO ZAPATA
568,CSSSA001812,NUEVA GRECIA
569,CSSSA007033,NUEVO LIMAR
570,CSSSA007296,ÁLVARO OBREGÓN
571,CSSSA003323,JUSTO SIERRA
572,CSSSA007791,OCHUSJOB
573,CSSSA004665,EL NARANJO
574,CSSSA003306,IGNACIO ZARAGOZA
575,CSSSA003311,JALISCO
576,CSSSA005650,ARROYO PALENQUE
577,CSSSA005592,EL PARAÍSO
578,CSSSA005686,NUEVO MUNDO *
579,CSSSA002343,NUEVO MÉXICO
580,CSSSA002384,VERAPAZ
581,CSSSA004035,NUEVA PALESTINA
582,CSSSA004764,ROBERTO BARRIOS
583,CSSSA003294,GABRIEL LEYVA VELÁZQUEZ
584,CSSSA017924,SITALÁ
585,CSSSA018805,CLÍNICA DE LA MUJER PONIENTE
586,CSSSA018892,CENTRO DE SALUD RURAL LAGUNA GRANDE
587,CSSSA018904,CENTRO DE SALUD RURAL VILLA LUZ
588,CSSSA018880,CENTRO DE SALUD RURAL MACAYO 3A. SECCIÓN
589,CSSSA019230,CENTRO DE SALUD MICROREGIONAL NUEVA MORELIA
590,CSSSA019225,CENTRO DE SALUD MICROREGIONAL CHIXILTÓN
591,CSSSA019196,CENTRO DE SALUD MICROREGIONAL PASHTONTICJA
592,CSSSA019213,CENTRO DE SALUD MICROREGIONAL CHIMTIC
593,CSSSA019201,CENTRO DE SALUD MICROREGIONAL YUT BASH UNO
594,CSSSA019184,CENTRO DE SALUD MICROREGIONAL LA LIBERTAD
595,CSSSA020036,CLÍNICA DE LA MUJER FRONTERA COMALAPA
596,CSSSA018706,SAN CRISTÓBAL (U.N.E.M.E. CAPA NUEVA VIDA)
597,CSSSA019925,CENTRO DE SALUD MICROREGIONAL EL IXCÁN
598,CSSSA004846,PANTELHÓ
599,CSSSA003702,MITONTIC
600,CSSSA001561,CHENALHÓ
601,CSSSA002430,HUEHUETÁN
602,CSSSA004291,OCOZOCOAUTLA
603,CSSSA000354,PACAYAL FRONTERA
604,CSSSA008276,YAJALÓN
605,CSSSA001725,CHICOMUSELO
606,CSSSA006946,TILA
607,CSSSA000861,FCO. I. MADERO
608,CSSSA007260,TOTOLAPA
609,CSSSA003714,CHALAM
610,CSSSA002990,TILTEPEC
611,CSSSA000383,20 DE NOVIEMBRE
612,CSSSA007786,FELIPE ÁNGELES
613,CSSSA018105,LOMANTÁN
614,CSSSA004752,LA UNIÓN
615,CSSSA007313,CRISTÓBAL COLÓN
616,CSSSA000021,FLOR DEL CARMEN
617,CSSSA007004,USIPA
618,CSSSA003813,LLANO GRANDE
619,CSSSA001532,CHANAL
620,CSSSA004776,MIGUEL HIDALGO
621,CSSSA003393,SAN ISIDRO
622,CSSSA003492,JERUSALEM
623,CSSSA003772,VICENTE GUERRERO
624,CSSSA002512,SAN PEDRO LA TEJERÍA
625,CSSSA004822,EBEN EZER
626,CSSSA006852,SHISHINTONIL
627,CSSSA006840,MATZAM
628,CSSSA000890,POMPOSO CASTELLANOS
629,CSSSA008445,CHACTÉ
630,CSSSA001001,LIC. BUENAVISTA MATA SANOS
631,CSSSA003615,GRANADOS TALCANAQUE
632,CSSSA005913,SANTO DOMINGO LA CASCADA
633,CSSSA002326,BELLAVISTA DEL NORTE
634,CSSSA007436,NVO. VILLAFLORES
635,CSSSA007301,EL CARMEN XHÁN
636,CSSSA008643,LA LUCHA
637,CSSSA002483,LÁZARO CÁRDENAS CHILIL
638,CSSSA007890,SAN FRANCISCO PUJILTIC
639,CSSSA008450,ONILTIC
640,CSSSA000214,SAN MIGUEL CHIPTIC
641,CSSSA007762,29 DE DICIEMBRE
642,CSSSA006502,LLANO DE LA LIMA
643,CSSSA017760,MAJUMPEPEN
644,CSSSA020024,AGUA DE PAJARITO
645,CSSSA020012,SAN ANTONIO COPALAR
646,CSSSA007844,VENUSTIANO CARRANZA
647,CSSSA008141,CRISTÓBAL OBREGÓN
648,CSSSA001626,CHIAPA DE CORZO
649,CSSSA000086,CENTRO DE SALUD ACAPETAHUA
650,CSSSA000511,LÁZARO CÁRDENAS
651,CSSSA006345,SUCHIAPA
652,CSSSA000774,CACAHOATÁN
653,CSSSA007646,COPOYA
654,CSSSA004600,PALENQUE
655,CSSSA008392,NAVENCHAUC
656,CSSSA003953,SAN ANTONIO LAS DELICIAS PAMALA
657,CSSSA001672,NARCISO MENDOZA
658,CSSSA006951,ÁLVARO OBREGÓN
659,CSSSA000576,OJO DE AGUA CENTRO
660,CSSSA017591,RAFAEL PASCACIO GAMBOA
661,CSSSA007535,BENITO JUÁREZ
662,CSSSA002722,ROSARIO BADENIA
663,CSSSA002500,SAN PEDRO PEDERNAL
664,CSSSA005621,ATOYAC NAYLUM
665,CSSSA005930,HONDURAS
666,CSSSA005925,CRUZ DE PIEDRA
667,CSSSA000622,SAN JOSÉ CHICHARRAS
668,CSSSA002961,MICHOACÁN
669,CSSSA000972,EMILIANO ZAPATA
670,CSSSA007914,PARAÍSO DEL GRIJALVA
671,CSSSA017690,SOYALÓ
672,CSSSA018513,CENTRO DE SALUD MICROREGIONAL PATELNÁ
673,CSSSA018571,CENTRO DE SALUD MICROREGIOAAL SAN GABRIEL
674,CSSSA018501,CENTRO DE SALUD MICROREGIONAL EL CARMEN
675,CSSSA018566,CENTRO DE SALUD MICROREGIONAL YULUBMAX
676,CSSSA018554,CENTRO DE SALUD MICROREGIONAL GOLOLTÓN
677,CSSSA018525,CENTRO DE SALUD MICROREGIONAL BOLONTÓN
678,CSSSA018530,CENTRO DE SALUD MICROREGIONAL CRUCERO CHICH
679,CSSSA018542,CENTRO DE SALUD MICROREGIONAL EL MANGO
680,CSSSA018776,HOSPITAL DE LA MUJER COMITÁN
681,CSSSA018950,CHILIMJOVELTIC
682,CSSSA019592,CENTRO DE SALUD MICROREGIONAL RIVERA GALEANA
683,CSSSA019143,CENTRO DE SALUD MICROREGIONAL SAN MIGUEL LA SARDINA
684,CSSSA019131,CENTRO DE SALUD MICROREGIONAL CERRO JAQUIMA
685,CSSSA019300,CENTRO DE SALUD MICROREGIONAL SAN ANDRES PUERTO RICO
686,CSSSA019370,CENTRO DE SALUD MICROREGIONAL TZOPILJA
687,CSSSA007634,TUXTLA GUTIÉRREZ
688,CSSSA007622,TERAN
689,CSSSA005464,REFORMA
690,CSSSA003101,5 DE MAYO
691,CSSSA000190,NUEVA GALILEA
692,CSSSA004583,GUADALUPE BACJA
693,CSSSA007506,IGNACIO ALLENDE
694,CSSSA001462,ROMERILLO
695,CSSSA006304,REFORMA AGRARIA
696,CSSSA003270,AMPARO AGUA TINTA
697,CSSSA008380,NACHING
698,CSSSA000680,SAN MARTÍN
699,CSSSA017895,AQUILES SERDÁN
700,CSSSA017982,JIQUILPAN
701,CSSSA006531,PUERTO MADERO
702,CSSSA017661,SAN JUAN TULIJA (SAN JUAN)
703,CSSSA017673,ARIMATEA
704,CSSSA017685,NUEVA REFORMA
705,CSSSA018921,LAS LIMAS
706,CSSSA019505,CLÍNICA DE LA MUJER TAPACHULA
707,CSSSA019546,CLÍNICA DE LA MUJER COMITÁN
708,CSSSA013105,CENTRO DE SALUD RURAL RANCHERIA EL CONGRESO
709,CSSSA002956,JOSÉ MARÍA PINO SUÁREZ
710,CSSSA006350,PACÚ
711,CSSSA004496,OXCHUC
712,CSSSA005843,SAN FERNANDO
713,CSSSA006420,VILLA DE LAS FLORES (TAPACHULA)
714,CSSSA006432,TAPACHULA INDECO CEBADILLA
715,CSSSA007371,TZISCAO
716,CSSSA005563,SABANILLA
717,CSSSA007470,NUEVO LLANO GRANDE
718,CSSSA007424,FLOR DE MAYO
719,CSSSA001170,STA. ROSALÍA
720,CSSSA006736,FRANCISCO I. MADERO
721,CSSSA007325,HIDALGO
722,CSSSA001614,YABTECLUM PUEBLO NUEVO
723,CSSSA000325,FRANCISCO I. MADERO
724,CSSSA006065,SAN FRANCISCO
725,CSSSA004670,NUEVA ESPERANZA 1Âª SECCIÓN
726,CSSSA017550,SAN JUAN EL AGUAJE
727,CSSSA003031,SANTA ROSA
728,CSSSA000996,RIBERA LLANO GRANDE
729,CSSSA000943,SAN MARCOS
730,CSSSA004390,NUEVO EMBARCADERO APIC - PAC
731,CSSSA000692,CONGREGACIÓN AMENDU
732,CSSSA000395,PALESTINA
733,CSSSA000144,RÍO NEGRO
734,CSSSA006543,RAYMUNDO ENRÍQUEZ
735,CSSSA018011,HIDALGO
736,CSSSA017970,LAS LAURAS
737,CSSSA018006,MAZATÁN
738,CSSSA018875,HOSPITAL GENERAL BICENTENARIO VILLAFLORES
739,CSSSA018916,CENTRO DE SALUD RURAL NUEVA SABANILLA
740,CSSSA020152,CENTRO DE SALUD MIGUEL ALDAMA
741,CSSSA018496,CENTRO DE SALUD MICROREGIONAL LOS QUINICHEZ
742,CSSSA020111,CENTRO DE SALUD MICROREGIONAL SAN ISIDRO LAS BANDERAS
743,CSSSA020106,CENTRO DE SALUD MICROREGIONAL RAMOS CUBILETE
744,CSSSA013054,UNIDAD MEDICA MOVIL 306 20 DE NOVIEMBRE
745,CSSSA013030,UNIDAD MEDICA MOVIL 303 RAFAEL RAMIREZ
746,CSSSA013012,UNIDAD MEDICA MOVIL 312 TIERRA BLANCA
747,CSSSA013021,UNIDAD MEDICA MOVIL 311 SAN ANTONIO LOS ALTOS
748,CSSSA013045,UNIDAD MEDICA MOVIL 316 NUEVO MATZAM
749,CSSSA013063,UNIDAD MEDICA MOVIL 307 SAMUEL LEON BRINDIS
750,CSSSA003171,LA LIBERTAD
751,CSSSA002710,LA INDEPENDENCIA
752,CSSSA004694,RÍO CHANCALÁ
753,CSSSA002331,CD. CUAUHTÉMOC
754,CSSSA017324,ALMACÉN ESTATAL (TUXTLA GUTIÉRREZ)
755,CSSSA002360,SANTA ROSA (BENITO JUÁREZ)
756,CSSSA007395,NUEVA VENECIA
757,CSSSA006024,NUEVA ARGENTINA
758,CSSSA000593,CHEMIC
759,CSSSA000436,NUEVA INDEPENDENCIA
760,CSSSA001585,CHIMIX DOS
761,CSSSA003130,STENLEJSOSTETIC
762,CSSSA005580,LOS NARANJOS
763,CSSSA001602,COLONIA PUEBLA
764,CSSSA001573,BELISARIO DOMÍNGUEZ
765,CSSSA017382,ALMACÉN JURISDICCIONAL (PALENQUE)
766,CSSSA007412,LA GLORIA
767,CSSSA003620,LIBERTAD FRONTERA
768,CSSSA002355,EL PORTAL
769,CSSSA007465,CIENEGUITAS
770,CSSSA004344,RAYMUNDO ENRÍQUEZ (VISTA HERMOSA)
771,CSSSA004356,ARMANDO ZEBADÚA
772,CSSSA006292,SAN VICENTE PAUCHIL
773,CSSSA008696,EMILIANO ZAPATA
774,CSSSA003982,EL ZAPOTAL UNO
775,CSSSA008672,PEDREGAL SAN ÁNGEL
776,CSSSA017994,SOLO DIOS
777,CSSSA018035,PLAYA LINDA
778,CSSSA018653,CACHIMBO
779,CSSSA018665,PUENTE MARGARITA
780,CSSSA018670,LA LAGUNA
781,CSSSA018682,LA POLKA
782,CSSSA018641,VILLA DEL MAR
783,CSSSA018414,LAS MARGARITAS
784,CSSSA018810,BANCO DE SANGRE  DR. DOMINGO CHANONA RODRÍGUEZ
785,CSSSA019160,TONALÁ (UNEME CAPA)
786,CSSSA018986,FRONTERA COMALAPA  (U.N.E.M.E. CAPA)
787,CSSSA020135,CARAVANA TIPO 0 TZAJALÁ JERICÓ
788,CSSSA020164,SAN PEDRO EL PUY
789,CSSSA020140,CARAVANA TIPO 0 EL OCOTAL
790,CSSSA020176,LA GLORIA (LA TRANCA)
791,CSSSA019720,CENTRO DE SALUD MICROREGIONAL SULUPHUITZ
792,CSSSA019773,CENTRO DE SALUD MICROREGIONAL CAMPO BOLONTINÁ
793,CSSSA019353,CENTRO DE SALUD SIBERIA
794,CSSSA018851,CENTRO DE SALUD MICROREGIONAL CARMEN XAQUILA
795,CSSSA019336,CENTRO DE SALUD MICROREGIONAL CAÑADA GRANDE
796,CSSSA019283,CENTRO DE SALUD MICROREGIONAL CHILOLJA
797,CSSSA019102,CLÍNICA DE LA MUJER PICHUCALCO
798,CSSSA019756,CENTRO DE SALUD MICROREGIONAL XAXAJATIC
799,CSSSA012522,CARAVANA TIPO 0 RICARDO FLORES MAGON
800,CSSSA012604,CARAVANA DE SALUD 0 TOQUIAN CHIQUITO
801,CSSSA012592,CARAVANA TIPO 0 PLAN CHANJALE
802,CSSSA012493,CARAVANA TIPO 0 EL EDEN
803,CSSSA012505,CARAVANA TIPO 0 LICENCIADO GUSTAVO DIAZ ORDAZ
804,CSSSA012633,CARAVANA TIPO 0 PUYIPA
805,CSSSA012674,CARAVANA TIPO 0 LA ARENA
806,CSSSA012563,CARAVANA TIPO 0 TORTUGUERO 2A. SECCION
807,CSSSA012510,CARAVANA TIPO 0 LINDAVISTA (CHINIQUIJA)
808,CSSSA003726,MOTOZINTLA DE MENDOZA
809,CSSSA006456,ÁLVARO OBREGÓN
810,CSSSA006835,TENEJAPA
811,CSSSA017336,ALMACÉN JURISDICCIONAL (TUXTLA GUTIÉRREZ)
812,CSSSA017225,OFICINA JURISDICCIONAL (TUXTLA GUTIÉRREZ)
813,CSSSA004373,LÁZARO CÁRDENAS
814,CSSSA004175,PUEBLO NUEVO UNO
815,CSSSA001520,MAJOMUT
816,CSSSA007511,CACAHUATAL
817,CSSSA008853,SAN JOSÉ LA SOLEDAD
818,CSSSA007050,JOLJA TIONTIEPA
819,CSSSA000873,LIC. GUSTAVO DÍAZ ORDAZ
820,CSSSA006642,CANTÓN EL TRIUNFO
821,CSSSA004332,JOSÉ CASTILLO TIELMAN
822,CSSSA003026,BENITO JUÁREZ
823,CSSSA001136,SAN JOSÉ YOCNAJAB
824,CSSSA001054,CAJCAM
825,CSSSA003422,SAN PEDRO YUTNIOTIC
826,CSSSA001100,SAN ANTONIO OGOTZIL
827,CSSSA001083,JUZNAJAB LA LAGUNA
828,CSSSA007815,NUEVA LIBERTAD
829,CSSSA003381,SAN CARLOS DEL RÍO
830,CSSSA001165,GUADALUPE PALMIRA
831,CSSSA001363,AGUSTÍN DE ITURBIDE
832,CSSSA003550,LAS PERLAS
833,CSSSA003586,GUADALUPE LAS FLORES
834,CSSSA003574,SAN JOSÉ LA REVANCHA
835,CSSSA001071,HIDALGO
836,CSSSA008520,GUADALUPE MIRAMAR
837,CSSSA001095,LAGUNA LARGA
838,CSSSA005884,SAN ANTONIO
839,CSSSA003480,LA ESMERALDA
840,CSSSA003504,LUCHA CAMPESINA
841,CSSSA001124,QUIJA
842,CSSSA017171,MIGUEL ALEMÁN
843,CSSSA006473,CEBADILLA 2A. SECCIÓN
844,CSSSA017825,CARAVANA TIPO 2 EL TRIUNFO
845,CSSSA017842,CARAVANA TIPO 1 CHEWAL MUQUENAL
846,CSSSA017854,CARAVANA TIPO 1 YA'ALTZEMEN
847,CSSSA017953,CARAVANA TIPO 2 SAN JOSÉ
848,CSSSA017965,CARAVANA TIPO 2 JOCOSIC
849,CSSSA017866,CARAVANA TIPO 2 LA FLORIDA
850,CSSSA017830,CARAVANA TIPO 2 DOS RIOS
851,CSSSA019633,CENTRO DE SALUD MICROREGIONAL RIVERA EL VIEJO CARMEN
852,CSSSA012763,CARAVANA TIPO 0 PLAN PAREDÓN
853,CSSSA012754,CARAVANA DE SALUD IGNACIO ALLENDE
854,CSSSA012781,CARAVANA TIPO 0 SAN MIGUEL
855,CSSSA012790,CARAVANA TIPO 0 LAS LIMAS
856,CSSSA012772,CARAVANA TIPO 0 YUQUÍN
857,CSSSA012481,CARAVANA TIPO 0 EL LACANDON
858,CSSSA012616,CARAVANA TIPO 0 CERRO MISOPA
859,CSSSA012645,CARAVANA TIPO 0 EL OCOTAL
860,CSSSA012423,CARAVANA TIPO 0 MACEDONIA
861,CSSSA012452,CARAVANA TIPO 0 SANTA LUCIA
862,CSSSA012435,CARAVANA TIPO 0 SAN ANTONIO
863,CSSSA012406,CARAVANA TIPO 0 NUEVO MARISCAL
864,CSSSA012546,CARAVANA TIPO 0 LAZARO CARDENAS DEL RIO
865,CSSSA012464,CARAVANA TIPO '0 LA CUEVA
866,CSSSA012476,CARAVANA TIPO 0 NUEVO TUXTLA
867,CSSSA012440,CARAVANA TIPO 0 CINCO DE FEBRERO
868,CSSSA012411,CARAVANA TIPO 0 LA SULTANA
869,CSSSA012575,CARAVANA TIPO '0 JOSE MARIA PINO SUAREZ
870,CSSSA012365,CARAVANA TIPO 0 ENRIQUE RODRIGUEZ CANO
871,CSSSA012370,CARAVANA TIPO 0 LA AURORA
872,CSSSA012242,CARAVANA TIPO 0 PACANAM
873,CSSSA012225,CARAVANA TIPO 0 CONOILJA
874,CSSSA012394,CARAVANA TIPO 0 EL CENSO
875,CSSSA012254,CARAVANA TIPO 0 SAN ANTONIO DE LOS MONTES
876,CSSSA012266,CARAVANA TIPO 0 SANTA ANA LAS FLORES
877,CSSSA012230,CARAVANA TIPO 0 SAN JUAN BAUTISTA
878,CSSSA012580,CARAVANA TIPO 0 JOSE CASTILLO TIELEMANS
879,CSSSA017365,ALMACÉN JURISDICCIONAL (VILLAFLORES)
880,CSSSA002442,COAPANTES BUENA VISTA
881,CSSSA004834,NUEVA ESPERANZA PROGRESISTA
882,CSSSA005546,CHIPILINAR
883,CSSSA008433,CHILOLJÁ
884,CSSSA004542,EL NIZ
885,CSSSA007400,LOMA BONITA
886,CSSSA005954,EL MATAZANOS
887,CSSSA018122,SABINALITO
888,CSSSA001474,SACLAMANTÓN
889,CSSSA001433,ICALUMTIC
890,CSSSA002524,YALCUC
891,CSSSA017411,ALMACÉN JURISDICCIONAL (OCOSINGO)
892,CSSSA005645,SALTO DE AGUA
893,CSSSA001766,PIEDRA LABRADA
894,CSSSA001742,CUATRO CAMINOS
895,CSSSA001754,MIGUEL ALEMÁN
896,CSSSA001800,ZACUALPA
897,CSSSA006806,SAN FERNANDO DÍAZ MARITANO
898,CSSSA002891,EJIDO NUEVO SAN MIGUEL MITONTIC
899,CSSSA001783,BARRIO POTRERILLOS
900,CSSSA001334,CAMPECHE
901,CSSSA001660,MIGUEL HIDALGO
902,CSSSA001701,DR. MANUEL VELASCO SUÁREZ
903,CSSSA001346,FRANCISCO SARABIA
904,CSSSA008684,CAHUARE
905,CSSSA003475,SAN ANTONIO BAWITZ
906,CSSSA001375,BENITO JUÁREZ
907,CSSSA003591,UNIÓN VICTORIA
908,CSSSA003410,SAN JOSÉ LAS PALMAS
909,CSSSA003451,SANTA RITA SONORA
910,CSSSA003516,ESPÍRITU SANTO
911,CSSSA003533,EL ENCANTO
912,CSSSA007885,MARIANO MATAMOROS
913,CSSSA003545,PROGRESO
914,CSSSA000062,CRUZ CHIQUITA
915,CSSSA017341,ALMACÉN JURISDICCIONAL (SAN CRISTÓBAL DE LAS CASAS)
916,CSSSA001696,VENUSTIANO CARRANZA
917,CSSSA000313,CHIQUISBIL
918,CSSSA006263,SOCOLTENANGO
919,CSSSA017813,CARAVANA TIPO 3 TZAJALÁ
920,CSSSA017883,PROGRESO AGRARIO
921,CSSSA018426,VERACRUZ
922,CSSSA018250,CARAVANA TIPO 0 JOL CATARRAYA
923,CSSSA018344,CARAVANA TIPO 3 CENTRO JOLAKIL
924,CSSSA018221,CARAVANA TIPO 3 XANIL
925,CSSSA018361,CARAVANA TIPO 0  JOL HICÂ´BATIL
926,CSSSA018245,CARAVANA TIPO 0 NUEVO PINO SUAREZ
927,CSSSA018233,CARAVANA TIPO 3 TEMÓ
928,CSSSA018262,CARAVANA TIPO 0 CHUTALILJÁ
929,CSSSA018274,CARAVANA TIPO 0 SANTO DOMINGO
930,CSSSA018356,CARAVANA TIPO 0 LA PALMA UNO
931,CSSSA018192,CARAVANA TIPO 0 POMILTIC
932,CSSSA018945,ICO
933,CSSSA002314,FRONTERA COMALAPA
934,CSSSA018863,CENTRO DE SALUD MICROREGIONAL EL EDEN
935,CSSSA018846,CENTRO DE SALUD MICROREGIONAL MUQUENAL
936,CSSSA006461,CARRILLO PUERTO
937,CSSSA000050,VILLA DE ACALA
938,CSSSA005213,EJIDO LA CONQUISTA
939,CSSSA005196,EJIDO NUEVA URBINA
940,CSSSA005225,NUEVO TENEJAPA (EL RECREO)
941,CSSSA005172,TUTUAM
942,CSSSA005230,SAN ANTONIO MANCOMUN
943,CSSSA005090,NUEVA FLOR
944,CSSSA005184,GUSTAVO LÓPEZ GUTIÉRREZ
945,CSSSA005102,PROGRESO
946,CSSSA007202,EL TERRERO
947,CSSSA007255,NATALIO VAZQUEZ PALLARES
948,CSSSA007231,SAN LUQUEÑO (LA COSTA)
949,CSSSA005126,SALTO DE AGUA
950,CSSSA005160,RANCH. CHOCOHUITAL ( EMB. COSTA AZUL)
951,CSSSA007243,UNIÓN Y PROGRESO
952,CSSSA005201,EJIDO EL VERGEL
953,CSSSA007120,LA ESPERANZA
954,CSSSA007132,HUACHIPILÍN CALENTURA
955,CSSSA000552,AGRÍCOLA 20 DE NOVIEMBRE ( LA MICA)
956,CSSSA000494,COL. 5 DE FEBRERO (CALERA)
957,CSSSA000470,LAS ARENAS
958,CSSSA005143,TAPACHULITA
959,CSSSA007103,BELISARIO DOMÍNGUEZ
960,CSSSA018636,TUXTLA (U.N.E.M.E. CAPA)
961,CSSSA018431,CESSA SAN LUCAS
962,CSSSA018962,TZIMOL
963,CSSSA019126,CLÍNICA DE LA MUJER TONALÁ
964,CSSSA020205,CENTRO DE SALUD MICROREGIONAL MUCTAHUITZ
965,CSSSA012841,CARAVANA TIPO 0 SAN JUAN CHANCALAITO
966,CSSSA012823,CARAVANA TIPO 0 ESPERANZA TAKINUKUM
967,CSSSA012805,CARAVANA TIPO 0 VILLAFLORES
968,CSSSA012814,CARAVANA TIPO 0 JOLNOPA GUADALUPE
969,CSSSA012745,CARAVANA TIPO 0 RÍO COROZAL
970,CSSSA012832,CARAVANA TIPO 0 LA CONCORDIA
971,CSSSA012850,CARAVANA TIPO 0 EL PRADO
972,CSSSA003236,ABRAHAM GONZÁLEZ
973,CSSSA019790,CENTRO DE SALUD MICROREGIONAL RAMOSIL (TZAJALNABIL)
974,CSSSA018834,CENTRO DE SALUD MICROREGIONAL CHABAN
975,CSSSA017312,OFICINA JURISDICCIONAL (MOTOZINTLA)
976,CSSSA003685,ADOLFO RUÍZ CORTINES
977,CSSSA001416,MATERNIDAD CHAMULA
978,CSSSA019662,CARAVANA DIGNIFICADA  ATOTONILCO
979,CSSSA007704,TALISMÁN
980,CSSSA020094,CENTRO DE SALUD MICROREGIONAL CRUSILJÁ
981,CSSSA002611,HOSPITAL GENERAL HUIXTLA
982,CSSSA004455,JUAN DEL GRIJALVA
983,CSSSA019242,H. B. C. DE OSTUACÁN
984,CSSSA018793,H. B. C. DE CHALCHIHUITÁN
985,CSSSA002640,EFRAÍN A. GUTIÉRREZ
986,CSSSA000832,H. B. C. DE CINTALAPA DE FIGUEROA
987,CSSSA017574,SAN MIGUEL 1A. SECCIÓN
988,CSSSA004303,EJIDO GRAL. FRANCISCO VILLA
989,CSSSA002454,CANTÓN CHAMULAPA
990,CSSSA019954,HOSPITAL CHIAPAS NOS UNE DR. JESUS GILBERTO GOMEZ MAZA
991,CSSSA006403,HOSPITAL GENERAL TAPACHULA
992,CSSSA017726,H. B. C. DE LARRAINZAR
993,CSSSA001030,HOSPITAL GENERAL MARÍA IGNACIA GANDULFO COMITAN
994,CSSSA018764,HOSPITAL DE LAS CULTURAS SAN CRISTOBAL DE LAS CASAS
995,CSSSA018752,H. B. C. DE TEOPISCA
996,CSSSA019481,H. B. C. DE SAN JUAN CHAMULA
997,CSSSA003265,H. B. C. DE LAS MARGARITAS
998,CSSSA012994,CENTRO DE SALUD SAN CRISTOBAL DE LAS CASAS
999,CSSSA007540,HOSPITAL REGIONAL DR. RAFAEL PASCASIO GAMBOA TUXTLA
1000,CSSSA005773,HOSPITAL DE LA MUJER SAN CRISTÓBAL DE LAS CASAS
1001,CSSSA000045,H. B. C. DR. MANUEL VELASCO SUAREZ ACALA
1002,CSSSA000412,H. B. C. DE ÁNGEL ALBINO CORZO
1003,CSSSA019785,CENTRO DE SALUD MICROREGIONAL MAPIL
1004,CSSSA019744,CENTRO DE SALUD MICROREGIONAL FILADELFIA
1005,CSSSA018781,H. B. C. DE FRONTERA COMALAPA
1006,CSSSA017516,H. B. C. DE REVOLUCIÓN MEXICANA
1007,CSSSA017521,H. B. C.  DE TAPILULA
1008,CSSSA004945,HOSPITAL GENERAL PICHUCALCO
1009,CSSSA012694,CENTRO DE SALUD MICROREGIONAL CRISTOBAL COLON
1010,CSSSA019645,H. B. C. DE OCOSINGO
1011,CSSSA008264,HOSPITAL GENERAL YAJALÓN
1012,CSSSA000453,HOSPITAL GENERAL JUÁREZ ARRIAGA
1013,CSSSA020082,CENTRO DE SALUD MICROREGIONAL YIBELJOJ
1014,CSSSA007074,HOSPITAL GENERAL DR. JUAN C. CORZO TONALÁ
1015,CSSSA004595,HOSPITAL GENERAL PALENQUE
1016,CSSSA006934,H. B. C. DE TILA
1017,CSSSA017504,H. B. C. DEL PORVENIR
1018,CSSSA017731,H. B. C. DE SANTO DOMINGO
1019,CSSSA012883,U. M. M. SAN ISIDRO CHICHIUISTAN
1020,CSSSA012910,U. M. M. TZACUCUM
1021,CSSSA012925,U. M. M. ICHINTÓN
1022,CSSSA012934,U. M. M. JUAN DIEGO X'OYEP
1023,CSSSA012892,U. M. M. LA LIBERTAD
1024,CSSSA012901,U. M. M. LA MERCED
1025,CSSSA012874,U. M. M. NAILCHÉN
1026,CSSSA012943,U. M. M. PACVILNA
1027,CSSSA012952,U. M. M. CRUZTÓN
1028,CSSSA012961,U. M. M. SAN MATEO
1029,CSSSA003970,YAXOQUIMTELA
1030,CSSSA008841,ISRAEL
1031,CSSSA003912,NAZARETH
1032,CSSSA000173,BIENES COMUNALES LA LAGUNA
1033,CSSSA002232,SANTA EMILIA
1034,CSSSA007832,TRINIDAD
1035,CSSSA017801,ZINACANTÁN
1036,CSSSA019493,SANTIAGO EL PINAR
1037,CSSSA001976,PINABETAL
1038,CSSSA006234,PAMALÁ PICOTÉ
1039,CSSSA019254,CENTRO DE SALUD MICROREGIONAL YASHNAIL
1040,CSSSA020041,CENTRO DE SALUD MICROREGIONAL PANTEPEC
1041,CSSSA019522,ALDAMA
1042,CSSSA017266,OFICINA JURISDICCIONAL (PICHUCALCO)
1043,CSSSA004105,NUEVA MORELIA
1044,CSSSA001911,JOL-SACJÚN
1045,CSSSA004163,CHAVARICO LAS PALMAS
1046,CSSSA004023,OJO DE AGUA
1047,CSSSA003854,PERLA DE ACAPULCO
1048,CSSSA004250,PATIHUITZ
1049,CSSSA003096,EJIDO IGNACIO ALLENDE
1050,CSSSA019971,CENTRO DE SALUD MICROREGIONAL TZUNUNIL
1051,CSSSA019686,CENTRO DE SALUD MICROREGIONAL SANTO DOMINGO LAS PALMAS
1052,CSSSA017480,RAMOSIL
1053,CSSSA017463,EL JARDÍN
1054,CSSSA017743,CENTRO DE SALUD MICROREGIONAL BALUNACO
1055,CSSSA019435,CENTRO DE SALUD MICROREGIONAL PINAR SALINAS
1056,CSSSA019266,CENTRO DE SALUD MICROREGIONAL BAPUZ
1057,CSSSA019312,CENTRO DE SALUD MICROREGIONAL SANTA ROSA
1058,CSSSA019365,CENTRO DE SALUD MICROREGIONAL CHULNA
1059,CSSSA019382,CENTRO DE SALUD MICROREGIONAL TZAJALCHÉN
1060,CSSSA019715,CENTRO DE SALUD MICROREGIONAL CACATEEL
1061,CSSSA019761,CENTRO DE SALUD MICROREGIONAL SAN ANTONIO LAS PALOMAS
1062,CSSSA019691,CENTRO DE SALUD MICROREGIONAL TACUBA NUEVA
1063,CSSSA019732,CENTRO DE SALUD MICROREGIONAL TZASIBILTIC
1064,CSSSA019563,CENTRO DE SALUD MICROREGIONAL LLANOS DE MORELOS 2A. SECCIÓN
1065,CSSSA019616,CENTRO DE SALUD MICROREGIONAL FRANCISCO I. MADERO
1066,CSSSA019621,CENTRO DE SALUD MICROREGIONAL LA ESPERANZA
1067,CSSSA019604,CENTRO DE SALUD MICROREGIONAL SAN LORENZO
1068,CSSSA019580,CENTRO DE SALUD MICROREGIONAL PEÑITAS EL MICO
1069,CSSSA019575,CENTRO DE SALUD MICROREGIONAL NUEVO SAN ANTONIO
1070,CSSSA020123,CENTRO DE SALUD MICROREGIONAL JOLXIC
1071,CSSSA017772,TZAJALCHÉN
1072,CSSSA019440,CENTRO DE SALUD MICROREGIONAL SAN JOAQUIN
1073,CSSSA017562,RÍO NEGRO
1074,CSSSA012703,COAPILLA
1075,CSSSA019826,CENTRO DE SALUD MICROREGIONAL LA UNIÓN
1076,CSSSA017183,VICENTE GUERRERO
1077,CSSSA019510,PALENQUE (U.N.E.M.E. CIRUGÍA AMBULATORIA)
1078,CSSSA019271,CENTRO DE SALUD MICROREGIONAL TZULUWITZ
1079,CSSSA008556,SAN MATEO ZAPOTAL
1080,CSSSA012621,CARAVANA TIPO 0 ARROYO CARRIZAL
1081,CSSSA018740,H. B. C.  DR. RAFAEL ALFARO GONZÁLEZ PIJIJIAPAN
1082,CSSSA008532,SANTA MARGARITA AGUA AZUL
1083,CSSSA006630,CANTÓN PROVIDENCIA
1084,CSSSA012985,CENTRO DE SALUD VILLA HERMOSA
1085,CSSSA012970,CENTRO DE SALUD POTRERILLO
1086,CSSSA000132,SAN JOSÉ AGUAJAL
1087,CSSSA012271,CARAVANA TIPO 0 CALVARIO LAS DELICIAS
1088,CSSSA012650,CARAVANA TIPO 0 SANTA CANDELARIA
1089,CSSSA012341,CARAVANA TIPO 0 TULAQUIL
1090,CSSSA012336,CARAVANA TIPO 0 SOMBRA GRANDE
1091,CSSSA019423,CENTRO DE SALUD MICROREGIONAL PAJALTÓN ALTO
1092,CSSSA019090,CLÍNICA DE LA MUJER SAN CRISTÓBAL DE LAS CASAS
1093,CSSSA002466,SANTA ELENA
1094,CSSSA004262,NUEVO DURANGO
1095,CSSSA000185,SANTA CECILIA EL PEDREGAL
1096,CSSSA020065,CENTRO DE SALUD MICROREGIONAL JOLJÁ
1097,CSSSA012712,CENTRO DE SALUD MICROREGIONAL PONCIANO ARRIAGA
1098,CSSSA019983,ZAMORA PICO DE ORO
1099,CSSSA012551,CARAVANA TIPO 0  ASUNCION HUITIUPAN
1100,CSSSA012353,CARAVANA TIPO 0 JOCHOMPAT CARMEN GRANDE
1101,CSSSA019534,TUXTLA (U.N.E.M.E. CIRUGÍA AMBULATORIA Y TORRE DE DIAGNÓSTICO)
1102,CSSSA018460,CENTRO DE SALUD MICROREGIONAL YAXALA
1103,CSSSA012865,CENTRO JURISDICCIONAL DE VACUNOLOGÍA Y CAPACITACIÓN PARA LA SALUD DEL NIÑO
1104,CSSSA020193,IXHUATÁN
1105,CSSSA012686,CARAVANA TIPO 0 ESPERANZA SÉTZER
1106,CSSSA012312,CARAVANA TIPO 0 SHASHIJA
1107,CSSSA012324,CARAVANA TIPO 0 CALVARIO BAHUITZ
1108,CSSSA012534,CARAVANA TIPO 0 NUEVA LIBERTAD
1109,CSSSA012662,CARAVANA TIPO 0  CHAPAYAL
1110,CSSSA017784,SAN JUAN CANCUC
1111,CSSSA018484,CENTRO DE SALUD MICROREGIONAL LA REFORMA
1112,CSSSA004006,CONGREGACION VIRGINIA
1113,CSSSA012300,CARAVANA TIPO 0 NUEVO SUSHILA
1114,CSSSA007605,ALBANIA (EL VALLE)
1115,CSSSA001042,COMITÁN DE DOMÍNGUEZ
1116,CSSSA012721,CARAVANA TIPO 0 LA VICTORIA
1117,CSSSA012730,CARAVANA TIPO 0 APAS
1118,CSSSA012382,CARAVANA TIPO 0 EL ZAPOTAL
1119,CSSSA012295,CARAVANA TIPO 0  MORELIA (VICTORICO RODULFO GRAJALES)
1120,CSSSA012283,CARAVANA TIPO 0 SAN MIGUEL CHIPTIC
